--
-- PostgreSQL database dump
--

-- Dumped from database version 16.1 (Ubuntu 16.1-1.pgdg22.04+1)
-- Dumped by pg_dump version 16.1 (Ubuntu 16.1-1.pgdg22.04+1)

-- Started on 2024-01-10 20:03:18 EET

SET statement_timeout = 0;
SET lock_timeout = 0;
SET idle_in_transaction_session_timeout = 0;
SET client_encoding = 'UTF8';
SET standard_conforming_strings = on;
SELECT pg_catalog.set_config('search_path', '', false);
SET check_function_bodies = false;
SET xmloption = content;
SET client_min_messages = warning;
SET row_security = off;

--
-- TOC entry 4 (class 2615 OID 2200)
-- Name: public; Type: SCHEMA; Schema: -; Owner: pg_database_owner
--

CREATE SCHEMA public;


ALTER SCHEMA public OWNER TO pg_database_owner;

--
-- TOC entry 3547 (class 0 OID 0)
-- Dependencies: 4
-- Name: SCHEMA public; Type: COMMENT; Schema: -; Owner: pg_database_owner
--

COMMENT ON SCHEMA public IS 'standard public schema';


SET default_tablespace = '';

SET default_table_access_method = heap;

--
-- TOC entry 222 (class 1259 OID 16618)
-- Name: auth_group; Type: TABLE; Schema: public; Owner: postgres
--

CREATE TABLE public.auth_group (
    id integer NOT NULL,
    name character varying(150) NOT NULL
);


ALTER TABLE public.auth_group OWNER TO postgres;

--
-- TOC entry 221 (class 1259 OID 16617)
-- Name: auth_group_id_seq; Type: SEQUENCE; Schema: public; Owner: postgres
--

ALTER TABLE public.auth_group ALTER COLUMN id ADD GENERATED BY DEFAULT AS IDENTITY (
    SEQUENCE NAME public.auth_group_id_seq
    START WITH 1
    INCREMENT BY 1
    NO MINVALUE
    NO MAXVALUE
    CACHE 1
);


--
-- TOC entry 224 (class 1259 OID 16626)
-- Name: auth_group_permissions; Type: TABLE; Schema: public; Owner: postgres
--

CREATE TABLE public.auth_group_permissions (
    id bigint NOT NULL,
    group_id integer NOT NULL,
    permission_id integer NOT NULL
);


ALTER TABLE public.auth_group_permissions OWNER TO postgres;

--
-- TOC entry 223 (class 1259 OID 16625)
-- Name: auth_group_permissions_id_seq; Type: SEQUENCE; Schema: public; Owner: postgres
--

ALTER TABLE public.auth_group_permissions ALTER COLUMN id ADD GENERATED BY DEFAULT AS IDENTITY (
    SEQUENCE NAME public.auth_group_permissions_id_seq
    START WITH 1
    INCREMENT BY 1
    NO MINVALUE
    NO MAXVALUE
    CACHE 1
);


--
-- TOC entry 220 (class 1259 OID 16612)
-- Name: auth_permission; Type: TABLE; Schema: public; Owner: postgres
--

CREATE TABLE public.auth_permission (
    id integer NOT NULL,
    name character varying(255) NOT NULL,
    content_type_id integer NOT NULL,
    codename character varying(100) NOT NULL
);


ALTER TABLE public.auth_permission OWNER TO postgres;

--
-- TOC entry 219 (class 1259 OID 16611)
-- Name: auth_permission_id_seq; Type: SEQUENCE; Schema: public; Owner: postgres
--

ALTER TABLE public.auth_permission ALTER COLUMN id ADD GENERATED BY DEFAULT AS IDENTITY (
    SEQUENCE NAME public.auth_permission_id_seq
    START WITH 1
    INCREMENT BY 1
    NO MINVALUE
    NO MAXVALUE
    CACHE 1
);


--
-- TOC entry 226 (class 1259 OID 16632)
-- Name: auth_user; Type: TABLE; Schema: public; Owner: postgres
--

CREATE TABLE public.auth_user (
    id integer NOT NULL,
    password character varying(128) NOT NULL,
    last_login timestamp with time zone,
    is_superuser boolean NOT NULL,
    username character varying(150) NOT NULL,
    first_name character varying(150) NOT NULL,
    last_name character varying(150) NOT NULL,
    email character varying(254) NOT NULL,
    is_staff boolean NOT NULL,
    is_active boolean NOT NULL,
    date_joined timestamp with time zone NOT NULL
);


ALTER TABLE public.auth_user OWNER TO postgres;

--
-- TOC entry 228 (class 1259 OID 16640)
-- Name: auth_user_groups; Type: TABLE; Schema: public; Owner: postgres
--

CREATE TABLE public.auth_user_groups (
    id bigint NOT NULL,
    user_id integer NOT NULL,
    group_id integer NOT NULL
);


ALTER TABLE public.auth_user_groups OWNER TO postgres;

--
-- TOC entry 227 (class 1259 OID 16639)
-- Name: auth_user_groups_id_seq; Type: SEQUENCE; Schema: public; Owner: postgres
--

ALTER TABLE public.auth_user_groups ALTER COLUMN id ADD GENERATED BY DEFAULT AS IDENTITY (
    SEQUENCE NAME public.auth_user_groups_id_seq
    START WITH 1
    INCREMENT BY 1
    NO MINVALUE
    NO MAXVALUE
    CACHE 1
);


--
-- TOC entry 225 (class 1259 OID 16631)
-- Name: auth_user_id_seq; Type: SEQUENCE; Schema: public; Owner: postgres
--

ALTER TABLE public.auth_user ALTER COLUMN id ADD GENERATED BY DEFAULT AS IDENTITY (
    SEQUENCE NAME public.auth_user_id_seq
    START WITH 1
    INCREMENT BY 1
    NO MINVALUE
    NO MAXVALUE
    CACHE 1
);


--
-- TOC entry 230 (class 1259 OID 16646)
-- Name: auth_user_user_permissions; Type: TABLE; Schema: public; Owner: postgres
--

CREATE TABLE public.auth_user_user_permissions (
    id bigint NOT NULL,
    user_id integer NOT NULL,
    permission_id integer NOT NULL
);


ALTER TABLE public.auth_user_user_permissions OWNER TO postgres;

--
-- TOC entry 229 (class 1259 OID 16645)
-- Name: auth_user_user_permissions_id_seq; Type: SEQUENCE; Schema: public; Owner: postgres
--

ALTER TABLE public.auth_user_user_permissions ALTER COLUMN id ADD GENERATED BY DEFAULT AS IDENTITY (
    SEQUENCE NAME public.auth_user_user_permissions_id_seq
    START WITH 1
    INCREMENT BY 1
    NO MINVALUE
    NO MAXVALUE
    CACHE 1
);


--
-- TOC entry 232 (class 1259 OID 16704)
-- Name: django_admin_log; Type: TABLE; Schema: public; Owner: postgres
--

CREATE TABLE public.django_admin_log (
    id integer NOT NULL,
    action_time timestamp with time zone NOT NULL,
    object_id text,
    object_repr character varying(200) NOT NULL,
    action_flag smallint NOT NULL,
    change_message text NOT NULL,
    content_type_id integer,
    user_id integer NOT NULL,
    CONSTRAINT django_admin_log_action_flag_check CHECK ((action_flag >= 0))
);


ALTER TABLE public.django_admin_log OWNER TO postgres;

--
-- TOC entry 231 (class 1259 OID 16703)
-- Name: django_admin_log_id_seq; Type: SEQUENCE; Schema: public; Owner: postgres
--

ALTER TABLE public.django_admin_log ALTER COLUMN id ADD GENERATED BY DEFAULT AS IDENTITY (
    SEQUENCE NAME public.django_admin_log_id_seq
    START WITH 1
    INCREMENT BY 1
    NO MINVALUE
    NO MAXVALUE
    CACHE 1
);


--
-- TOC entry 218 (class 1259 OID 16604)
-- Name: django_content_type; Type: TABLE; Schema: public; Owner: postgres
--

CREATE TABLE public.django_content_type (
    id integer NOT NULL,
    app_label character varying(100) NOT NULL,
    model character varying(100) NOT NULL
);


ALTER TABLE public.django_content_type OWNER TO postgres;

--
-- TOC entry 217 (class 1259 OID 16603)
-- Name: django_content_type_id_seq; Type: SEQUENCE; Schema: public; Owner: postgres
--

ALTER TABLE public.django_content_type ALTER COLUMN id ADD GENERATED BY DEFAULT AS IDENTITY (
    SEQUENCE NAME public.django_content_type_id_seq
    START WITH 1
    INCREMENT BY 1
    NO MINVALUE
    NO MAXVALUE
    CACHE 1
);


--
-- TOC entry 216 (class 1259 OID 16596)
-- Name: django_migrations; Type: TABLE; Schema: public; Owner: postgres
--

CREATE TABLE public.django_migrations (
    id bigint NOT NULL,
    app character varying(255) NOT NULL,
    name character varying(255) NOT NULL,
    applied timestamp with time zone NOT NULL
);


ALTER TABLE public.django_migrations OWNER TO postgres;

--
-- TOC entry 215 (class 1259 OID 16595)
-- Name: django_migrations_id_seq; Type: SEQUENCE; Schema: public; Owner: postgres
--

ALTER TABLE public.django_migrations ALTER COLUMN id ADD GENERATED BY DEFAULT AS IDENTITY (
    SEQUENCE NAME public.django_migrations_id_seq
    START WITH 1
    INCREMENT BY 1
    NO MINVALUE
    NO MAXVALUE
    CACHE 1
);


--
-- TOC entry 233 (class 1259 OID 16732)
-- Name: django_session; Type: TABLE; Schema: public; Owner: postgres
--

CREATE TABLE public.django_session (
    session_key character varying(40) NOT NULL,
    session_data text NOT NULL,
    expire_date timestamp with time zone NOT NULL
);


ALTER TABLE public.django_session OWNER TO postgres;

--
-- TOC entry 235 (class 1259 OID 16742)
-- Name: world_app_city; Type: TABLE; Schema: public; Owner: postgres
--

CREATE TABLE public.world_app_city (
    id bigint NOT NULL,
    name character varying(100) NOT NULL,
    area integer NOT NULL,
    population integer NOT NULL,
    is_capital boolean NOT NULL
);


ALTER TABLE public.world_app_city OWNER TO postgres;

--
-- TOC entry 234 (class 1259 OID 16741)
-- Name: world_app_city_id_seq; Type: SEQUENCE; Schema: public; Owner: postgres
--

ALTER TABLE public.world_app_city ALTER COLUMN id ADD GENERATED BY DEFAULT AS IDENTITY (
    SEQUENCE NAME public.world_app_city_id_seq
    START WITH 1
    INCREMENT BY 1
    NO MINVALUE
    NO MAXVALUE
    CACHE 1
);


--
-- TOC entry 241 (class 1259 OID 16762)
-- Name: world_app_continent; Type: TABLE; Schema: public; Owner: postgres
--

CREATE TABLE public.world_app_continent (
    id bigint NOT NULL,
    name character varying(100) NOT NULL,
    area integer NOT NULL,
    population integer NOT NULL
);


ALTER TABLE public.world_app_continent OWNER TO postgres;

--
-- TOC entry 243 (class 1259 OID 16768)
-- Name: world_app_continent_countries; Type: TABLE; Schema: public; Owner: postgres
--

CREATE TABLE public.world_app_continent_countries (
    id bigint NOT NULL,
    continent_id bigint NOT NULL,
    country_id bigint NOT NULL
);


ALTER TABLE public.world_app_continent_countries OWNER TO postgres;

--
-- TOC entry 242 (class 1259 OID 16767)
-- Name: world_app_continent_countries_id_seq; Type: SEQUENCE; Schema: public; Owner: postgres
--

ALTER TABLE public.world_app_continent_countries ALTER COLUMN id ADD GENERATED BY DEFAULT AS IDENTITY (
    SEQUENCE NAME public.world_app_continent_countries_id_seq
    START WITH 1
    INCREMENT BY 1
    NO MINVALUE
    NO MAXVALUE
    CACHE 1
);


--
-- TOC entry 240 (class 1259 OID 16761)
-- Name: world_app_continent_id_seq; Type: SEQUENCE; Schema: public; Owner: postgres
--

ALTER TABLE public.world_app_continent ALTER COLUMN id ADD GENERATED BY DEFAULT AS IDENTITY (
    SEQUENCE NAME public.world_app_continent_id_seq
    START WITH 1
    INCREMENT BY 1
    NO MINVALUE
    NO MAXVALUE
    CACHE 1
);


--
-- TOC entry 237 (class 1259 OID 16748)
-- Name: world_app_country; Type: TABLE; Schema: public; Owner: postgres
--

CREATE TABLE public.world_app_country (
    id bigint NOT NULL,
    name character varying(100) NOT NULL,
    area integer NOT NULL,
    population integer NOT NULL,
    government character varying(100),
    capital_id bigint
);


ALTER TABLE public.world_app_country OWNER TO postgres;

--
-- TOC entry 239 (class 1259 OID 16756)
-- Name: world_app_country_cities; Type: TABLE; Schema: public; Owner: postgres
--

CREATE TABLE public.world_app_country_cities (
    id bigint NOT NULL,
    country_id bigint NOT NULL,
    city_id bigint NOT NULL
);


ALTER TABLE public.world_app_country_cities OWNER TO postgres;

--
-- TOC entry 238 (class 1259 OID 16755)
-- Name: world_app_country_cities_id_seq; Type: SEQUENCE; Schema: public; Owner: postgres
--

ALTER TABLE public.world_app_country_cities ALTER COLUMN id ADD GENERATED BY DEFAULT AS IDENTITY (
    SEQUENCE NAME public.world_app_country_cities_id_seq
    START WITH 1
    INCREMENT BY 1
    NO MINVALUE
    NO MAXVALUE
    CACHE 1
);


--
-- TOC entry 236 (class 1259 OID 16747)
-- Name: world_app_country_id_seq; Type: SEQUENCE; Schema: public; Owner: postgres
--

ALTER TABLE public.world_app_country ALTER COLUMN id ADD GENERATED BY DEFAULT AS IDENTITY (
    SEQUENCE NAME public.world_app_country_id_seq
    START WITH 1
    INCREMENT BY 1
    NO MINVALUE
    NO MAXVALUE
    CACHE 1
);


--
-- TOC entry 3520 (class 0 OID 16618)
-- Dependencies: 222
-- Data for Name: auth_group; Type: TABLE DATA; Schema: public; Owner: postgres
--

COPY public.auth_group (id, name) FROM stdin;
\.


--
-- TOC entry 3522 (class 0 OID 16626)
-- Dependencies: 224
-- Data for Name: auth_group_permissions; Type: TABLE DATA; Schema: public; Owner: postgres
--

COPY public.auth_group_permissions (id, group_id, permission_id) FROM stdin;
\.


--
-- TOC entry 3518 (class 0 OID 16612)
-- Dependencies: 220
-- Data for Name: auth_permission; Type: TABLE DATA; Schema: public; Owner: postgres
--

COPY public.auth_permission (id, name, content_type_id, codename) FROM stdin;
1	Can add log entry	1	add_logentry
2	Can change log entry	1	change_logentry
3	Can delete log entry	1	delete_logentry
4	Can view log entry	1	view_logentry
5	Can add permission	2	add_permission
6	Can change permission	2	change_permission
7	Can delete permission	2	delete_permission
8	Can view permission	2	view_permission
9	Can add group	3	add_group
10	Can change group	3	change_group
11	Can delete group	3	delete_group
12	Can view group	3	view_group
13	Can add user	4	add_user
14	Can change user	4	change_user
15	Can delete user	4	delete_user
16	Can view user	4	view_user
17	Can add content type	5	add_contenttype
18	Can change content type	5	change_contenttype
19	Can delete content type	5	delete_contenttype
20	Can view content type	5	view_contenttype
21	Can add session	6	add_session
22	Can change session	6	change_session
23	Can delete session	6	delete_session
24	Can view session	6	view_session
25	Can add city	7	add_city
26	Can change city	7	change_city
27	Can delete city	7	delete_city
28	Can view city	7	view_city
29	Can add country	8	add_country
30	Can change country	8	change_country
31	Can delete country	8	delete_country
32	Can view country	8	view_country
33	Can add continent	9	add_continent
34	Can change continent	9	change_continent
35	Can delete continent	9	delete_continent
36	Can view continent	9	view_continent
\.


--
-- TOC entry 3524 (class 0 OID 16632)
-- Dependencies: 226
-- Data for Name: auth_user; Type: TABLE DATA; Schema: public; Owner: postgres
--

COPY public.auth_user (id, password, last_login, is_superuser, username, first_name, last_name, email, is_staff, is_active, date_joined) FROM stdin;
1	pbkdf2_sha256$720000$4qOhjtSXJchagSxeiBKLhF$xZscbpOzdX/onkwe/015lrzVmbBqY7jecRDHJkzttbc=	2024-01-04 15:17:35.942322+02	t	admin				t	t	2024-01-04 15:17:29.489185+02
\.


--
-- TOC entry 3526 (class 0 OID 16640)
-- Dependencies: 228
-- Data for Name: auth_user_groups; Type: TABLE DATA; Schema: public; Owner: postgres
--

COPY public.auth_user_groups (id, user_id, group_id) FROM stdin;
\.


--
-- TOC entry 3528 (class 0 OID 16646)
-- Dependencies: 230
-- Data for Name: auth_user_user_permissions; Type: TABLE DATA; Schema: public; Owner: postgres
--

COPY public.auth_user_user_permissions (id, user_id, permission_id) FROM stdin;
\.


--
-- TOC entry 3530 (class 0 OID 16704)
-- Dependencies: 232
-- Data for Name: django_admin_log; Type: TABLE DATA; Schema: public; Owner: postgres
--

COPY public.django_admin_log (id, action_time, object_id, object_repr, action_flag, change_message, content_type_id, user_id) FROM stdin;
1	2024-01-04 15:17:54.520714+02	1	gfdg	1	[{"added": {}}]	7	1
2	2024-01-04 15:18:12.885669+02	1	gahh	1	[{"added": {}}]	8	1
3	2024-01-04 15:19:00.430396+02	1	gfdg	1	[{"added": {}}]	9	1
4	2024-01-04 16:55:47.205783+02	2	dsfas	1	[{"added": {}}]	9	1
5	2024-01-04 16:55:55.637048+02	3	asgasd	1	[{"added": {}}]	9	1
6	2024-01-04 16:56:00.22861+02	4	adfsfas	1	[{"added": {}}]	9	1
7	2024-01-04 18:31:38.711591+02	8	Mihai	3		9	1
8	2024-01-04 18:31:38.717899+02	7	Mihai	3		9	1
9	2024-01-04 18:31:38.720307+02	6	Mihai	3		9	1
10	2024-01-04 18:31:38.721824+02	5	Mihai	3		9	1
11	2024-01-05 11:18:01.076665+02	5	Roma	2	[{"changed": {"fields": ["Is capital"]}}]	7	1
12	2024-01-05 11:28:31.077308+02	4	London	2	[{"changed": {"fields": ["Is capital"]}}]	7	1
13	2024-01-05 11:34:47.647837+02	5	Roma	2	[{"changed": {"fields": ["Is capital"]}}]	7	1
\.


--
-- TOC entry 3516 (class 0 OID 16604)
-- Dependencies: 218
-- Data for Name: django_content_type; Type: TABLE DATA; Schema: public; Owner: postgres
--

COPY public.django_content_type (id, app_label, model) FROM stdin;
1	admin	logentry
2	auth	permission
3	auth	group
4	auth	user
5	contenttypes	contenttype
6	sessions	session
7	world_app	city
8	world_app	country
9	world_app	continent
\.


--
-- TOC entry 3514 (class 0 OID 16596)
-- Dependencies: 216
-- Data for Name: django_migrations; Type: TABLE DATA; Schema: public; Owner: postgres
--

COPY public.django_migrations (id, app, name, applied) FROM stdin;
1	contenttypes	0001_initial	2024-01-04 15:16:39.647443+02
2	auth	0001_initial	2024-01-04 15:16:39.705178+02
3	admin	0001_initial	2024-01-04 15:16:39.720357+02
4	admin	0002_logentry_remove_auto_add	2024-01-04 15:16:39.72835+02
5	admin	0003_logentry_add_action_flag_choices	2024-01-04 15:16:39.735517+02
6	contenttypes	0002_remove_content_type_name	2024-01-04 15:16:39.751788+02
7	auth	0002_alter_permission_name_max_length	2024-01-04 15:16:39.760142+02
8	auth	0003_alter_user_email_max_length	2024-01-04 15:16:39.769576+02
9	auth	0004_alter_user_username_opts	2024-01-04 15:16:39.77816+02
10	auth	0005_alter_user_last_login_null	2024-01-04 15:16:39.787107+02
11	auth	0006_require_contenttypes_0002	2024-01-04 15:16:39.788387+02
12	auth	0007_alter_validators_add_error_messages	2024-01-04 15:16:39.795379+02
13	auth	0008_alter_user_username_max_length	2024-01-04 15:16:39.805956+02
14	auth	0009_alter_user_last_name_max_length	2024-01-04 15:16:39.814652+02
15	auth	0010_alter_group_name_max_length	2024-01-04 15:16:39.825282+02
16	auth	0011_update_proxy_permissions	2024-01-04 15:16:39.832502+02
17	auth	0012_alter_user_first_name_max_length	2024-01-04 15:16:39.838053+02
18	sessions	0001_initial	2024-01-04 15:16:39.847486+02
19	world_app	0001_initial	2024-01-04 15:16:39.88679+02
20	world_app	0002_alter_continent_countries	2024-01-04 17:38:52.443569+02
21	world_app	0003_alter_continent_countries	2024-01-04 19:09:26.856969+02
22	world_app	0004_alter_country_capital_alter_country_government	2024-01-04 23:42:50.578093+02
\.


--
-- TOC entry 3531 (class 0 OID 16732)
-- Dependencies: 233
-- Data for Name: django_session; Type: TABLE DATA; Schema: public; Owner: postgres
--

COPY public.django_session (session_key, session_data, expire_date) FROM stdin;
uiqxfwecll8qzw50bfs3xl6cp7fmzmf6	.eJxVjEEOwiAQRe_C2hBKYQCX7j0DGYaJVA0kpV0Z764kXehf_vfyXiLivpW4d17jksVZTOL0-yWkB9cB8h3rrUlqdVuXJIciD9rltWV-Xg73L1Cwl5E1JmlC61Ug-M5MKadAClBbBwSZkiNm7e2siD3NCC4roxxYDhBYvD_ZQTer:1rLNbL:9Byr_iIGcWZiO0SkNeL-creZ4mIo3DXTnd9uZecQqlc	2024-01-18 15:17:35.944157+02
\.


--
-- TOC entry 3533 (class 0 OID 16742)
-- Dependencies: 235
-- Data for Name: world_app_city; Type: TABLE DATA; Schema: public; Owner: postgres
--

COPY public.world_app_city (id, name, area, population, is_capital) FROM stdin;
4	London	4213	43211	t
2	Vienna	421	4324	t
3	Bucuresti	469	74	t
5	Roma	2421	421	t
6	Iasi	52532	352	f
7	Shanghai	424	4324	f
10	Beijing	423	5235	t
\.


--
-- TOC entry 3539 (class 0 OID 16762)
-- Dependencies: 241
-- Data for Name: world_app_continent; Type: TABLE DATA; Schema: public; Owner: postgres
--

COPY public.world_app_continent (id, name, area, population) FROM stdin;
9	Europe	41241241	4324242
11	Australia	5235	53252
10	Asia	51235123	321512351
\.


--
-- TOC entry 3541 (class 0 OID 16768)
-- Dependencies: 243
-- Data for Name: world_app_continent_countries; Type: TABLE DATA; Schema: public; Owner: postgres
--

COPY public.world_app_continent_countries (id, continent_id, country_id) FROM stdin;
9	9	4
10	9	5
11	9	6
12	10	7
\.


--
-- TOC entry 3535 (class 0 OID 16748)
-- Dependencies: 237
-- Data for Name: world_app_country; Type: TABLE DATA; Schema: public; Owner: postgres
--

COPY public.world_app_country (id, name, area, population, government, capital_id) FROM stdin;
4	Austria	432	31212	Democracy	2
6	Italy	23423	324234	Democracy	5
5	Romania	412	241	Democracy	3
7	China	5321	3251132	Communism	10
\.


--
-- TOC entry 3537 (class 0 OID 16756)
-- Dependencies: 239
-- Data for Name: world_app_country_cities; Type: TABLE DATA; Schema: public; Owner: postgres
--

COPY public.world_app_country_cities (id, country_id, city_id) FROM stdin;
3	4	2
4	5	3
5	6	5
6	5	6
7	7	7
\.


--
-- TOC entry 3548 (class 0 OID 0)
-- Dependencies: 221
-- Name: auth_group_id_seq; Type: SEQUENCE SET; Schema: public; Owner: postgres
--

SELECT pg_catalog.setval('public.auth_group_id_seq', 1, false);


--
-- TOC entry 3549 (class 0 OID 0)
-- Dependencies: 223
-- Name: auth_group_permissions_id_seq; Type: SEQUENCE SET; Schema: public; Owner: postgres
--

SELECT pg_catalog.setval('public.auth_group_permissions_id_seq', 1, false);


--
-- TOC entry 3550 (class 0 OID 0)
-- Dependencies: 219
-- Name: auth_permission_id_seq; Type: SEQUENCE SET; Schema: public; Owner: postgres
--

SELECT pg_catalog.setval('public.auth_permission_id_seq', 36, true);


--
-- TOC entry 3551 (class 0 OID 0)
-- Dependencies: 227
-- Name: auth_user_groups_id_seq; Type: SEQUENCE SET; Schema: public; Owner: postgres
--

SELECT pg_catalog.setval('public.auth_user_groups_id_seq', 1, false);


--
-- TOC entry 3552 (class 0 OID 0)
-- Dependencies: 225
-- Name: auth_user_id_seq; Type: SEQUENCE SET; Schema: public; Owner: postgres
--

SELECT pg_catalog.setval('public.auth_user_id_seq', 1, true);


--
-- TOC entry 3553 (class 0 OID 0)
-- Dependencies: 229
-- Name: auth_user_user_permissions_id_seq; Type: SEQUENCE SET; Schema: public; Owner: postgres
--

SELECT pg_catalog.setval('public.auth_user_user_permissions_id_seq', 1, false);


--
-- TOC entry 3554 (class 0 OID 0)
-- Dependencies: 231
-- Name: django_admin_log_id_seq; Type: SEQUENCE SET; Schema: public; Owner: postgres
--

SELECT pg_catalog.setval('public.django_admin_log_id_seq', 13, true);


--
-- TOC entry 3555 (class 0 OID 0)
-- Dependencies: 217
-- Name: django_content_type_id_seq; Type: SEQUENCE SET; Schema: public; Owner: postgres
--

SELECT pg_catalog.setval('public.django_content_type_id_seq', 9, true);


--
-- TOC entry 3556 (class 0 OID 0)
-- Dependencies: 215
-- Name: django_migrations_id_seq; Type: SEQUENCE SET; Schema: public; Owner: postgres
--

SELECT pg_catalog.setval('public.django_migrations_id_seq', 22, true);


--
-- TOC entry 3557 (class 0 OID 0)
-- Dependencies: 234
-- Name: world_app_city_id_seq; Type: SEQUENCE SET; Schema: public; Owner: postgres
--

SELECT pg_catalog.setval('public.world_app_city_id_seq', 10, true);


--
-- TOC entry 3558 (class 0 OID 0)
-- Dependencies: 242
-- Name: world_app_continent_countries_id_seq; Type: SEQUENCE SET; Schema: public; Owner: postgres
--

SELECT pg_catalog.setval('public.world_app_continent_countries_id_seq', 12, true);


--
-- TOC entry 3559 (class 0 OID 0)
-- Dependencies: 240
-- Name: world_app_continent_id_seq; Type: SEQUENCE SET; Schema: public; Owner: postgres
--

SELECT pg_catalog.setval('public.world_app_continent_id_seq', 11, true);


--
-- TOC entry 3560 (class 0 OID 0)
-- Dependencies: 238
-- Name: world_app_country_cities_id_seq; Type: SEQUENCE SET; Schema: public; Owner: postgres
--

SELECT pg_catalog.setval('public.world_app_country_cities_id_seq', 7, true);


--
-- TOC entry 3561 (class 0 OID 0)
-- Dependencies: 236
-- Name: world_app_country_id_seq; Type: SEQUENCE SET; Schema: public; Owner: postgres
--

SELECT pg_catalog.setval('public.world_app_country_id_seq', 7, true);


--
-- TOC entry 3303 (class 2606 OID 16730)
-- Name: auth_group auth_group_name_key; Type: CONSTRAINT; Schema: public; Owner: postgres
--

ALTER TABLE ONLY public.auth_group
    ADD CONSTRAINT auth_group_name_key UNIQUE (name);


--
-- TOC entry 3308 (class 2606 OID 16661)
-- Name: auth_group_permissions auth_group_permissions_group_id_permission_id_0cd325b0_uniq; Type: CONSTRAINT; Schema: public; Owner: postgres
--

ALTER TABLE ONLY public.auth_group_permissions
    ADD CONSTRAINT auth_group_permissions_group_id_permission_id_0cd325b0_uniq UNIQUE (group_id, permission_id);


--
-- TOC entry 3311 (class 2606 OID 16630)
-- Name: auth_group_permissions auth_group_permissions_pkey; Type: CONSTRAINT; Schema: public; Owner: postgres
--

ALTER TABLE ONLY public.auth_group_permissions
    ADD CONSTRAINT auth_group_permissions_pkey PRIMARY KEY (id);


--
-- TOC entry 3305 (class 2606 OID 16622)
-- Name: auth_group auth_group_pkey; Type: CONSTRAINT; Schema: public; Owner: postgres
--

ALTER TABLE ONLY public.auth_group
    ADD CONSTRAINT auth_group_pkey PRIMARY KEY (id);


--
-- TOC entry 3298 (class 2606 OID 16652)
-- Name: auth_permission auth_permission_content_type_id_codename_01ab375a_uniq; Type: CONSTRAINT; Schema: public; Owner: postgres
--

ALTER TABLE ONLY public.auth_permission
    ADD CONSTRAINT auth_permission_content_type_id_codename_01ab375a_uniq UNIQUE (content_type_id, codename);


--
-- TOC entry 3300 (class 2606 OID 16616)
-- Name: auth_permission auth_permission_pkey; Type: CONSTRAINT; Schema: public; Owner: postgres
--

ALTER TABLE ONLY public.auth_permission
    ADD CONSTRAINT auth_permission_pkey PRIMARY KEY (id);


--
-- TOC entry 3319 (class 2606 OID 16644)
-- Name: auth_user_groups auth_user_groups_pkey; Type: CONSTRAINT; Schema: public; Owner: postgres
--

ALTER TABLE ONLY public.auth_user_groups
    ADD CONSTRAINT auth_user_groups_pkey PRIMARY KEY (id);


--
-- TOC entry 3322 (class 2606 OID 16676)
-- Name: auth_user_groups auth_user_groups_user_id_group_id_94350c0c_uniq; Type: CONSTRAINT; Schema: public; Owner: postgres
--

ALTER TABLE ONLY public.auth_user_groups
    ADD CONSTRAINT auth_user_groups_user_id_group_id_94350c0c_uniq UNIQUE (user_id, group_id);


--
-- TOC entry 3313 (class 2606 OID 16636)
-- Name: auth_user auth_user_pkey; Type: CONSTRAINT; Schema: public; Owner: postgres
--

ALTER TABLE ONLY public.auth_user
    ADD CONSTRAINT auth_user_pkey PRIMARY KEY (id);


--
-- TOC entry 3325 (class 2606 OID 16650)
-- Name: auth_user_user_permissions auth_user_user_permissions_pkey; Type: CONSTRAINT; Schema: public; Owner: postgres
--

ALTER TABLE ONLY public.auth_user_user_permissions
    ADD CONSTRAINT auth_user_user_permissions_pkey PRIMARY KEY (id);


--
-- TOC entry 3328 (class 2606 OID 16690)
-- Name: auth_user_user_permissions auth_user_user_permissions_user_id_permission_id_14a6b632_uniq; Type: CONSTRAINT; Schema: public; Owner: postgres
--

ALTER TABLE ONLY public.auth_user_user_permissions
    ADD CONSTRAINT auth_user_user_permissions_user_id_permission_id_14a6b632_uniq UNIQUE (user_id, permission_id);


--
-- TOC entry 3316 (class 2606 OID 16725)
-- Name: auth_user auth_user_username_key; Type: CONSTRAINT; Schema: public; Owner: postgres
--

ALTER TABLE ONLY public.auth_user
    ADD CONSTRAINT auth_user_username_key UNIQUE (username);


--
-- TOC entry 3331 (class 2606 OID 16711)
-- Name: django_admin_log django_admin_log_pkey; Type: CONSTRAINT; Schema: public; Owner: postgres
--

ALTER TABLE ONLY public.django_admin_log
    ADD CONSTRAINT django_admin_log_pkey PRIMARY KEY (id);


--
-- TOC entry 3293 (class 2606 OID 16610)
-- Name: django_content_type django_content_type_app_label_model_76bd3d3b_uniq; Type: CONSTRAINT; Schema: public; Owner: postgres
--

ALTER TABLE ONLY public.django_content_type
    ADD CONSTRAINT django_content_type_app_label_model_76bd3d3b_uniq UNIQUE (app_label, model);


--
-- TOC entry 3295 (class 2606 OID 16608)
-- Name: django_content_type django_content_type_pkey; Type: CONSTRAINT; Schema: public; Owner: postgres
--

ALTER TABLE ONLY public.django_content_type
    ADD CONSTRAINT django_content_type_pkey PRIMARY KEY (id);


--
-- TOC entry 3291 (class 2606 OID 16602)
-- Name: django_migrations django_migrations_pkey; Type: CONSTRAINT; Schema: public; Owner: postgres
--

ALTER TABLE ONLY public.django_migrations
    ADD CONSTRAINT django_migrations_pkey PRIMARY KEY (id);


--
-- TOC entry 3335 (class 2606 OID 16738)
-- Name: django_session django_session_pkey; Type: CONSTRAINT; Schema: public; Owner: postgres
--

ALTER TABLE ONLY public.django_session
    ADD CONSTRAINT django_session_pkey PRIMARY KEY (session_key);


--
-- TOC entry 3338 (class 2606 OID 16746)
-- Name: world_app_city world_app_city_pkey; Type: CONSTRAINT; Schema: public; Owner: postgres
--

ALTER TABLE ONLY public.world_app_city
    ADD CONSTRAINT world_app_city_pkey PRIMARY KEY (id);


--
-- TOC entry 3351 (class 2606 OID 16793)
-- Name: world_app_continent_countries world_app_continent_coun_continent_id_country_id_d0346f30_uniq; Type: CONSTRAINT; Schema: public; Owner: postgres
--

ALTER TABLE ONLY public.world_app_continent_countries
    ADD CONSTRAINT world_app_continent_coun_continent_id_country_id_d0346f30_uniq UNIQUE (continent_id, country_id);


--
-- TOC entry 3355 (class 2606 OID 16772)
-- Name: world_app_continent_countries world_app_continent_countries_pkey; Type: CONSTRAINT; Schema: public; Owner: postgres
--

ALTER TABLE ONLY public.world_app_continent_countries
    ADD CONSTRAINT world_app_continent_countries_pkey PRIMARY KEY (id);


--
-- TOC entry 3349 (class 2606 OID 16766)
-- Name: world_app_continent world_app_continent_pkey; Type: CONSTRAINT; Schema: public; Owner: postgres
--

ALTER TABLE ONLY public.world_app_continent
    ADD CONSTRAINT world_app_continent_pkey PRIMARY KEY (id);


--
-- TOC entry 3345 (class 2606 OID 16779)
-- Name: world_app_country_cities world_app_country_cities_country_id_city_id_d827341c_uniq; Type: CONSTRAINT; Schema: public; Owner: postgres
--

ALTER TABLE ONLY public.world_app_country_cities
    ADD CONSTRAINT world_app_country_cities_country_id_city_id_d827341c_uniq UNIQUE (country_id, city_id);


--
-- TOC entry 3347 (class 2606 OID 16760)
-- Name: world_app_country_cities world_app_country_cities_pkey; Type: CONSTRAINT; Schema: public; Owner: postgres
--

ALTER TABLE ONLY public.world_app_country_cities
    ADD CONSTRAINT world_app_country_cities_pkey PRIMARY KEY (id);


--
-- TOC entry 3341 (class 2606 OID 16752)
-- Name: world_app_country world_app_country_pkey; Type: CONSTRAINT; Schema: public; Owner: postgres
--

ALTER TABLE ONLY public.world_app_country
    ADD CONSTRAINT world_app_country_pkey PRIMARY KEY (id);


--
-- TOC entry 3301 (class 1259 OID 16731)
-- Name: auth_group_name_a6ea08ec_like; Type: INDEX; Schema: public; Owner: postgres
--

CREATE INDEX auth_group_name_a6ea08ec_like ON public.auth_group USING btree (name varchar_pattern_ops);


--
-- TOC entry 3306 (class 1259 OID 16672)
-- Name: auth_group_permissions_group_id_b120cbf9; Type: INDEX; Schema: public; Owner: postgres
--

CREATE INDEX auth_group_permissions_group_id_b120cbf9 ON public.auth_group_permissions USING btree (group_id);


--
-- TOC entry 3309 (class 1259 OID 16673)
-- Name: auth_group_permissions_permission_id_84c5c92e; Type: INDEX; Schema: public; Owner: postgres
--

CREATE INDEX auth_group_permissions_permission_id_84c5c92e ON public.auth_group_permissions USING btree (permission_id);


--
-- TOC entry 3296 (class 1259 OID 16658)
-- Name: auth_permission_content_type_id_2f476e4b; Type: INDEX; Schema: public; Owner: postgres
--

CREATE INDEX auth_permission_content_type_id_2f476e4b ON public.auth_permission USING btree (content_type_id);


--
-- TOC entry 3317 (class 1259 OID 16688)
-- Name: auth_user_groups_group_id_97559544; Type: INDEX; Schema: public; Owner: postgres
--

CREATE INDEX auth_user_groups_group_id_97559544 ON public.auth_user_groups USING btree (group_id);


--
-- TOC entry 3320 (class 1259 OID 16687)
-- Name: auth_user_groups_user_id_6a12ed8b; Type: INDEX; Schema: public; Owner: postgres
--

CREATE INDEX auth_user_groups_user_id_6a12ed8b ON public.auth_user_groups USING btree (user_id);


--
-- TOC entry 3323 (class 1259 OID 16702)
-- Name: auth_user_user_permissions_permission_id_1fbb5f2c; Type: INDEX; Schema: public; Owner: postgres
--

CREATE INDEX auth_user_user_permissions_permission_id_1fbb5f2c ON public.auth_user_user_permissions USING btree (permission_id);


--
-- TOC entry 3326 (class 1259 OID 16701)
-- Name: auth_user_user_permissions_user_id_a95ead1b; Type: INDEX; Schema: public; Owner: postgres
--

CREATE INDEX auth_user_user_permissions_user_id_a95ead1b ON public.auth_user_user_permissions USING btree (user_id);


--
-- TOC entry 3314 (class 1259 OID 16726)
-- Name: auth_user_username_6821ab7c_like; Type: INDEX; Schema: public; Owner: postgres
--

CREATE INDEX auth_user_username_6821ab7c_like ON public.auth_user USING btree (username varchar_pattern_ops);


--
-- TOC entry 3329 (class 1259 OID 16722)
-- Name: django_admin_log_content_type_id_c4bce8eb; Type: INDEX; Schema: public; Owner: postgres
--

CREATE INDEX django_admin_log_content_type_id_c4bce8eb ON public.django_admin_log USING btree (content_type_id);


--
-- TOC entry 3332 (class 1259 OID 16723)
-- Name: django_admin_log_user_id_c564eba6; Type: INDEX; Schema: public; Owner: postgres
--

CREATE INDEX django_admin_log_user_id_c564eba6 ON public.django_admin_log USING btree (user_id);


--
-- TOC entry 3333 (class 1259 OID 16740)
-- Name: django_session_expire_date_a5c62663; Type: INDEX; Schema: public; Owner: postgres
--

CREATE INDEX django_session_expire_date_a5c62663 ON public.django_session USING btree (expire_date);


--
-- TOC entry 3336 (class 1259 OID 16739)
-- Name: django_session_session_key_c0390e0f_like; Type: INDEX; Schema: public; Owner: postgres
--

CREATE INDEX django_session_session_key_c0390e0f_like ON public.django_session USING btree (session_key varchar_pattern_ops);


--
-- TOC entry 3352 (class 1259 OID 16804)
-- Name: world_app_continent_countries_continent_id_8d944c05; Type: INDEX; Schema: public; Owner: postgres
--

CREATE INDEX world_app_continent_countries_continent_id_8d944c05 ON public.world_app_continent_countries USING btree (continent_id);


--
-- TOC entry 3353 (class 1259 OID 16805)
-- Name: world_app_continent_countries_country_id_31ce7cd7; Type: INDEX; Schema: public; Owner: postgres
--

CREATE INDEX world_app_continent_countries_country_id_31ce7cd7 ON public.world_app_continent_countries USING btree (country_id);


--
-- TOC entry 3339 (class 1259 OID 16807)
-- Name: world_app_country_capital_id_25a4ac95; Type: INDEX; Schema: public; Owner: postgres
--

CREATE INDEX world_app_country_capital_id_25a4ac95 ON public.world_app_country USING btree (capital_id);


--
-- TOC entry 3342 (class 1259 OID 16791)
-- Name: world_app_country_cities_city_id_e3fa8a58; Type: INDEX; Schema: public; Owner: postgres
--

CREATE INDEX world_app_country_cities_city_id_e3fa8a58 ON public.world_app_country_cities USING btree (city_id);


--
-- TOC entry 3343 (class 1259 OID 16790)
-- Name: world_app_country_cities_country_id_0bb884ef; Type: INDEX; Schema: public; Owner: postgres
--

CREATE INDEX world_app_country_cities_country_id_0bb884ef ON public.world_app_country_cities USING btree (country_id);


--
-- TOC entry 3357 (class 2606 OID 16667)
-- Name: auth_group_permissions auth_group_permissio_permission_id_84c5c92e_fk_auth_perm; Type: FK CONSTRAINT; Schema: public; Owner: postgres
--

ALTER TABLE ONLY public.auth_group_permissions
    ADD CONSTRAINT auth_group_permissio_permission_id_84c5c92e_fk_auth_perm FOREIGN KEY (permission_id) REFERENCES public.auth_permission(id) DEFERRABLE INITIALLY DEFERRED;


--
-- TOC entry 3358 (class 2606 OID 16662)
-- Name: auth_group_permissions auth_group_permissions_group_id_b120cbf9_fk_auth_group_id; Type: FK CONSTRAINT; Schema: public; Owner: postgres
--

ALTER TABLE ONLY public.auth_group_permissions
    ADD CONSTRAINT auth_group_permissions_group_id_b120cbf9_fk_auth_group_id FOREIGN KEY (group_id) REFERENCES public.auth_group(id) DEFERRABLE INITIALLY DEFERRED;


--
-- TOC entry 3356 (class 2606 OID 16653)
-- Name: auth_permission auth_permission_content_type_id_2f476e4b_fk_django_co; Type: FK CONSTRAINT; Schema: public; Owner: postgres
--

ALTER TABLE ONLY public.auth_permission
    ADD CONSTRAINT auth_permission_content_type_id_2f476e4b_fk_django_co FOREIGN KEY (content_type_id) REFERENCES public.django_content_type(id) DEFERRABLE INITIALLY DEFERRED;


--
-- TOC entry 3359 (class 2606 OID 16682)
-- Name: auth_user_groups auth_user_groups_group_id_97559544_fk_auth_group_id; Type: FK CONSTRAINT; Schema: public; Owner: postgres
--

ALTER TABLE ONLY public.auth_user_groups
    ADD CONSTRAINT auth_user_groups_group_id_97559544_fk_auth_group_id FOREIGN KEY (group_id) REFERENCES public.auth_group(id) DEFERRABLE INITIALLY DEFERRED;


--
-- TOC entry 3360 (class 2606 OID 16677)
-- Name: auth_user_groups auth_user_groups_user_id_6a12ed8b_fk_auth_user_id; Type: FK CONSTRAINT; Schema: public; Owner: postgres
--

ALTER TABLE ONLY public.auth_user_groups
    ADD CONSTRAINT auth_user_groups_user_id_6a12ed8b_fk_auth_user_id FOREIGN KEY (user_id) REFERENCES public.auth_user(id) DEFERRABLE INITIALLY DEFERRED;


--
-- TOC entry 3361 (class 2606 OID 16696)
-- Name: auth_user_user_permissions auth_user_user_permi_permission_id_1fbb5f2c_fk_auth_perm; Type: FK CONSTRAINT; Schema: public; Owner: postgres
--

ALTER TABLE ONLY public.auth_user_user_permissions
    ADD CONSTRAINT auth_user_user_permi_permission_id_1fbb5f2c_fk_auth_perm FOREIGN KEY (permission_id) REFERENCES public.auth_permission(id) DEFERRABLE INITIALLY DEFERRED;


--
-- TOC entry 3362 (class 2606 OID 16691)
-- Name: auth_user_user_permissions auth_user_user_permissions_user_id_a95ead1b_fk_auth_user_id; Type: FK CONSTRAINT; Schema: public; Owner: postgres
--

ALTER TABLE ONLY public.auth_user_user_permissions
    ADD CONSTRAINT auth_user_user_permissions_user_id_a95ead1b_fk_auth_user_id FOREIGN KEY (user_id) REFERENCES public.auth_user(id) DEFERRABLE INITIALLY DEFERRED;


--
-- TOC entry 3363 (class 2606 OID 16712)
-- Name: django_admin_log django_admin_log_content_type_id_c4bce8eb_fk_django_co; Type: FK CONSTRAINT; Schema: public; Owner: postgres
--

ALTER TABLE ONLY public.django_admin_log
    ADD CONSTRAINT django_admin_log_content_type_id_c4bce8eb_fk_django_co FOREIGN KEY (content_type_id) REFERENCES public.django_content_type(id) DEFERRABLE INITIALLY DEFERRED;


--
-- TOC entry 3364 (class 2606 OID 16717)
-- Name: django_admin_log django_admin_log_user_id_c564eba6_fk_auth_user_id; Type: FK CONSTRAINT; Schema: public; Owner: postgres
--

ALTER TABLE ONLY public.django_admin_log
    ADD CONSTRAINT django_admin_log_user_id_c564eba6_fk_auth_user_id FOREIGN KEY (user_id) REFERENCES public.auth_user(id) DEFERRABLE INITIALLY DEFERRED;


--
-- TOC entry 3368 (class 2606 OID 16794)
-- Name: world_app_continent_countries world_app_continent__continent_id_8d944c05_fk_world_app; Type: FK CONSTRAINT; Schema: public; Owner: postgres
--

ALTER TABLE ONLY public.world_app_continent_countries
    ADD CONSTRAINT world_app_continent__continent_id_8d944c05_fk_world_app FOREIGN KEY (continent_id) REFERENCES public.world_app_continent(id) DEFERRABLE INITIALLY DEFERRED;


--
-- TOC entry 3369 (class 2606 OID 16799)
-- Name: world_app_continent_countries world_app_continent__country_id_31ce7cd7_fk_world_app; Type: FK CONSTRAINT; Schema: public; Owner: postgres
--

ALTER TABLE ONLY public.world_app_continent_countries
    ADD CONSTRAINT world_app_continent__country_id_31ce7cd7_fk_world_app FOREIGN KEY (country_id) REFERENCES public.world_app_country(id) DEFERRABLE INITIALLY DEFERRED;


--
-- TOC entry 3365 (class 2606 OID 16808)
-- Name: world_app_country world_app_country_capital_id_25a4ac95_fk_world_app_city_id; Type: FK CONSTRAINT; Schema: public; Owner: postgres
--

ALTER TABLE ONLY public.world_app_country
    ADD CONSTRAINT world_app_country_capital_id_25a4ac95_fk_world_app_city_id FOREIGN KEY (capital_id) REFERENCES public.world_app_city(id) DEFERRABLE INITIALLY DEFERRED;


--
-- TOC entry 3366 (class 2606 OID 16780)
-- Name: world_app_country_cities world_app_country_ci_country_id_0bb884ef_fk_world_app; Type: FK CONSTRAINT; Schema: public; Owner: postgres
--

ALTER TABLE ONLY public.world_app_country_cities
    ADD CONSTRAINT world_app_country_ci_country_id_0bb884ef_fk_world_app FOREIGN KEY (country_id) REFERENCES public.world_app_country(id) DEFERRABLE INITIALLY DEFERRED;


--
-- TOC entry 3367 (class 2606 OID 16785)
-- Name: world_app_country_cities world_app_country_cities_city_id_e3fa8a58_fk_world_app_city_id; Type: FK CONSTRAINT; Schema: public; Owner: postgres
--

ALTER TABLE ONLY public.world_app_country_cities
    ADD CONSTRAINT world_app_country_cities_city_id_e3fa8a58_fk_world_app_city_id FOREIGN KEY (city_id) REFERENCES public.world_app_city(id) DEFERRABLE INITIALLY DEFERRED;


-- Completed on 2024-01-10 20:03:18 EET

--
-- PostgreSQL database dump complete
--

